github,0xpayne
github,4katie
github,98lenvi
github,Aakash-Jakhmola
github,AbhijithGanesh
github,Alexandria
github,Aniruddha-Shriwant
github,Ashiroq
github,Ayman161803
github,Bharat123rox
github,BjornvdLaan
github,Brethland
github,C0rWin
github,Calasada
github,DEBSUBHRO
github,DianaLease
github,EdMoffatt
github,EdProsser
github,EllisHenderson
github,Fanarito
github,FelixKuehl
github,Ian-Yy
github,Jakeeyturner
github,JamesBlandford
github,Jeevan-Kiran-Lenka
github,Jonathan-Casey
github,K-Kumar-01
github,KaiUsher
github,KyleBastien
github,Michael-Grover
github,NathanHazout
github,Navdevl
github,NicBritz
github,Niladri24dutta
github,ODOWDAIBM
github,OliverTod
github,Parikshit-Hooda
github,PseudoNerd
github,RNiordson
github,RanadeepPolavarapu
github,ScottMorris
github,ShiroYacha
github,ShrutikaSingh
github,TC5022
github,Tobias-Hunter
github,TopJohn
github,VishalS99
github,Yash-Garg
github,a4aditya
github,acshea
github,adecaro
github,adnan-c
github,adriaan-pelzer
github,adrijshikhar
github,ajmeraharsh
github,akaila
github,akshitsarin
github,alexCatena
github,algomaster99
github,alvesgabriel
github,amanag25
github,andrearizzello
github,andrew-coleman
github,archhhh
github,armujahid
github,arshadkazmi42
github,arteevraina
github,asararatnakar
github,aviralwal
github,awilts
github,awjh-ibm
github,bestbeforetoday
github,bjrnt
github,bucs-fan813
github,capt-haddock
github,cazfletch
github,chevdor
github,christo4ferris
github,cmccandless
github,codingdefined
github,contractpendev
github,daniloff200
github,davidkel
github,defunctzombie
github,denyeart
github,dependabot[bot]
github,devcer
github,dlkconsultancy
github,dohvis
github,doomswatter
github,doowb
github,dsanchezseco
github,dselman
github,elit-altum
github,emailnjv
github,ericholscher
github,erikbfeeley
github,erin-hughes
github,fabric-composer-app
github,fenglianxu
github,foolcage
github,frbrkoala
github,gangachris
github,gargarchit
github,gaurav7019
github,github-actions[bot]
github,glindsell
github,hannahrayner
github,harrika1982
github,harrisob
github,harsh1206
github,hshadab
github,husseyexplores
github,ilfrich
github,irmerk
github,j4m3sb0mb
github,jamesgeorge007
github,javiercanossini
github,jbesq777
github,jcarpenter67
github,jdp1g09
github,jeromesimeon
github,jfrolich
github,jimthematrix
github,joeheyming
github,jorilallo
github,jt-nti
github,jwagantall
github,jyellick
github,kach
github,kanav-raina
github,kenjisiu-ibmhk
github,kewbish
github,kharaone
github,ki0apa
github,kokifpen
github,krishvoor
github,krtk6160
github,ksachdeva
github,ldesrosi
github,lehors
github,lesleyannjordan
github,lex111
github,lhaskins
github,liam-grace
github,lucasdf
github,lukehedger
github,m4tr1k
github,manifestlifeinc
github,manishprivet
github,martinhalford
github,mastersingh24
github,mbtamuli
github,mbwhite
github,mengwong
github,michizhou
github,midhunbiju
github,miqh
github,mitchstewart
github,monika
github,mttrbrts
github,neeravarora
github,niallroche
github,nickgaski
github,nicolapaoli
github,nik72619c
github,nikklein
github,nithilan4
github,nklincoln
github,oorjitchowdhary
github,opiepj
github,parammittal16
github,pards
github,peara
github,peterhunn
github,petrgazarov
github,pospi
github,prakharsr
github,pramodrhegde
github,pranjalv9
github,qualitymanifest
github,rameshthoomu
github,rennman
github,rogersanick
github,rohitx007
github,royshouvik
github,rthatcher
github,rustygloves
github,ryanctlin
github,ryjones
github,sachdeva-shrey
github,sachinr
github,sahalsaad
github,salmanbaset
github,samjsmith
github,sanketshevkar
github,sccheruku
github,schmitty890
github,sgbj
github,shacshar
github,shahsank3t
github,shakti97
github,shubhangi013
github,sidhyatikku
github,simonghrt
github,smithbk
github,sstone1
github,starblind
github,stefanblaginov
github,steffinstanly
github,sumitkharche
github,sumitks866
github,suryalnvs
github,susmitasomanchi
github,tbrooke
github,tijohnson
github,tkuhrt
github,tommoor
github,torresjeff
github,uchibeke
github,utajum
github,vaibhav111tandon
github,varun-raj
github,viczam
github,vipulbhj
github,vitorduarte
github,whitehawk0011
github,winslet
github,yacovm
github,yuki-kon
github,zachgoll
github,zeesh-ali